"Year","Humans_mgkg","Country","icon","signif_level"
2016,105.041007691073,"Slovenia","",""
2017,105.288550468442,"Slovenia","",""
2018,106.508721128891,"Slovenia","",""
2019,104.538915653136,"Slovenia","",""
2020,81.1011181164347,"Slovenia","",""
2021,81.291225037544,"Slovenia","",""
2022,100.762488637435,"Slovenia","",""
2023,108.74813488815,"Slovenia","",""
2024,112.034726955967,"Slovenia","",""
2012,116.4,"EU","",""
2014,123.7,"EU","",""
2016,133.2,"EU","",""
2018,133.3,"EU","",""
2021,125,"EU","",""
