Year,Country,Active_product_tonnes,annual_bodymass,Volume (mg/kg)
2008,Slovenia,12.563,NA,NA
2009,Slovenia,12.615,NA,NA
2010,Slovenia,12.520999999999999,NA,NA
2011,Slovenia,12.604,NA,NA
2012,Slovenia,12.553999999999998,NA,NA
2013,Slovenia,12.632,NA,NA
2014,Slovenia,12.408000000000001,NA,NA
2015,Slovenia,12.654,NA,NA
2016,Slovenia,13.661,130053969.4,105.0410076910732
2017,Slovenia,13.699,130109113.85,105.28855046844207
2018,Slovenia,13.86,130130188.9,106.50872112889094
2019,Slovenia,13.701,131061240.825,104.53891565313585
2020,Slovenia,10.714,132106686.675,81.10111811643466
2021,Slovenia,10.814,133027888.25,81.29122503754397
2022,Slovenia,13.397,132956223.9,100.7624886374349
2023,Slovenia,14.540000000000001,133703442.5,108.74813488814995
2024,Slovenia,15.058,134404754.75,112.0347269559673
