"","Country","Year","mg/PCU"
"1","Austria","2010",62.9
"2","Belgium","2010",179.9
"3","Czechia","2010",94.3
"4","Denmark","2010",47.1
"5","Estonia","2010",70.8
"6","Finland","2010",22
"7","France","2010",133.6
"8","Hungary","2010",269.9
"9","Iceland","2010",6.8
"10","Ireland","2010",51.4
"11","Italy","2010",421.1
"12","Latvia","2010",39.4
"13","Lithuania","2010",48.2
"14","Netherlands","2010",146
"15","Norway","2010",3.9
"16","Portugal","2010",175.1
"17","Slovenia","2010",46.8
"18","Spain","2010",259.5
"19","Sweden","2010",14.7
"20","Austria","2011",54.4
"21","Belgium","2011",175.1
"22","Bulgaria","2011",92.6
"23","Cyprus","2011",332.3
"24","Czechia","2011",83
"25","Denmark","2011",42.1
"26","Estonia","2011",70.5
"27","Finland","2011",21.3
"28","France","2011",114.3
"29","Germany","2011",211.5
"30","Hungary","2011",192.5
"31","Iceland","2011",6
"32","Ireland","2011",46.4
"33","Italy","2011",371
"34","Latvia","2011",36.7
"35","Lithuania","2011",41.1
"36","Netherlands","2011",113.7
"37","Norway","2011",3.5
"38","Poland","2011",126.3
"39","Portugal","2011",159.2
"40","Slovakia","2011",43.6
"41","Slovenia","2011",46
"42","Spain","2011",335.8
"43","Sweden","2011",13.1
"44","Austria","2012",54.8
"45","Belgium","2012",162.9
"46","Bulgaria","2012",98.9
"47","Cyprus","2012",301.9
"48","Czechia","2012",79.8
"49","Denmark","2012",43.7
"50","Estonia","2012",62.7
"51","Finland","2012",21.3
"52","France","2012",101.1
"53","Germany","2012",204.8
"54","Hungary","2012",245.7
"55","Iceland","2012",5.4
"56","Ireland","2012",54.8
"57","Italy","2012",340.9
"58","Latvia","2012",41.5
"59","Lithuania","2012",39.1
"60","Luxembourg","2012",43.2
"61","Netherlands","2012",74.8
"62","Norway","2012",3.7
"63","Poland","2012",134.1
"64","Portugal","2012",155.2
"65","Slovakia","2012",43.3
"66","Slovenia","2012",36.9
"67","Spain","2012",302.3
"68","Sweden","2012",13
"69","Austria","2013",57.2
"70","Belgium","2013",156.4
"71","Bulgaria","2013",116.1
"72","Cyprus","2013",333.4
"73","Czechia","2013",82.2
"74","Denmark","2013",44.5
"75","Estonia","2013",70.1
"76","Finland","2013",21.8
"77","France","2013",93.9
"78","Germany","2013",179.7
"79","Hungary","2013",230.6
"80","Iceland","2013",4.9
"81","Ireland","2013",55.7
"82","Italy","2013",301.5
"83","Latvia","2013",37.6
"84","Lithuania","2013",29
"85","Luxembourg","2013",52.1
"86","Netherlands","2013",69.9
"87","Norway","2013",3.5
"88","Poland","2013",150.3
"89","Portugal","2013",184.8
"90","Slovakia","2013",59.2
"91","Slovenia","2013",22.3
"92","Spain","2013",317
"93","Sweden","2013",12.2
"94","Austria","2014",56.3
"95","Belgium","2014",158.1
"96","Bulgaria","2014",82.9
"97","Croatia","2014",103.5
"98","Cyprus","2014",317
"99","Czechia","2014",79.8
"100","Denmark","2014",43.8
"101","Estonia","2014",76.8
"102","Finland","2014",21.8
"103","France","2014",105.8
"104","Germany","2014",149.3
"105","Hungary","2014",193
"106","Iceland","2014",4.8
"107","Ireland","2014",47.5
"108","Italy","2014",332.3
"109","Latvia","2014",36.6
"110","Lithuania","2014",35.5
"111","Luxembourg","2014",40.6
"112","Netherlands","2014",68.4
"113","Norway","2014",3
"114","Poland","2014",139.5
"115","Portugal","2014",198.6
"116","Romania","2014",109
"117","Slovakia","2014",65.6
"118","Slovenia","2014",33.3
"119","Spain","2014",418.8
"120","Sweden","2014",11.1
"121","Austria","2015",50.7
"122","Belgium","2015",149.9
"123","Bulgaria","2015",121.8
"124","Croatia","2015",90.5
"125","Cyprus","2015",350.2
"126","Czechia","2015",68
"127","Denmark","2015",41.8
"128","Estonia","2015",64.9
"129","Finland","2015",19.9
"130","France","2015",69.4
"131","Germany","2015",98.2
"132","Greece","2015",58.2
"133","Hungary","2015",211.4
"134","Iceland","2015",4.7
"135","Ireland","2015",50.8
"136","Italy","2015",321.9
"137","Latvia","2015",37.6
"138","Lithuania","2015",35
"139","Luxembourg","2015",34.5
"140","Netherlands","2015",64.4
"141","Norway","2015",2.8
"142","Poland","2015",137.9
"143","Portugal","2015",168.4
"144","Romania","2015",100.5
"145","Slovakia","2015",50.8
"146","Slovenia","2015",26.3
"147","Spain","2015",402
"148","Sweden","2015",11.4
"149","Austria","2016",46.1
"150","Belgium","2016",139.9
"151","Bulgaria","2016",155.2
"152","Croatia","2016",83.6
"153","Cyprus","2016",346.4
"154","Czechia","2016",61.2
"155","Denmark","2016",40.4
"156","Estonia","2016",63.7
"157","Finland","2016",18.1
"158","France","2016",71.2
"159","Germany","2016",89.2
"160","Greece","2016",64.8
"161","Hungary","2016",187
"162","Iceland","2016",4.5
"163","Ireland","2016",52
"164","Italy","2016",294.7
"165","Latvia","2016",29.9
"166","Lithuania","2016",37.4
"167","Luxembourg","2016",35.4
"168","Netherlands","2016",52.7
"169","Norway","2016",2.8
"170","Poland","2016",128.4
"171","Portugal","2016",206.4
"172","Romania","2016",85.2
"173","Slovakia","2016",50.3
"174","Slovenia","2016",30.3
"175","Spain","2016",362.4
"176","Sweden","2016",11.7
"177","Austria","2017",46.7
"178","Belgium","2017",131.1
"179","Bulgaria","2017",129.8
"180","Croatia","2017",68
"181","Cyprus","2017",335.2
"182","Czechia","2017",63.5
"183","Denmark","2017",38.9
"184","Estonia","2017",56.3
"185","Finland","2017",18.9
"186","France","2017",68
"187","Germany","2017",89.1
"188","Greece","2017",95.7
"189","Hungary","2017",190.9
"190","Iceland","2017",4.4
"191","Ireland","2017",46.5
"192","Italy","2017",273.7
"193","Latvia","2017",33.2
"194","Lithuania","2017",34.2
"195","Luxembourg","2017",35.1
"196","Malta","2017",129.3
"197","Netherlands","2017",56.2
"198","Norway","2017",3
"199","Poland","2017",163.9
"200","Portugal","2017",132.1
"201","Romania","2017",90.1
"202","Slovakia","2017",61.8
"203","Slovenia","2017",36.6
"204","Spain","2017",230.3
"205","Sweden","2017",11.6
"206","Austria","2018",50.2
"207","Belgium","2018",113
"208","Bulgaria","2018",119.6
"209","Croatia","2018",70.8
"210","Cyprus","2018",392.3
"211","Czechia","2018",56.9
"212","Denmark","2018",37.8
"213","EU","2018",118.3
"214","Estonia","2018",52.9
"215","Finland","2018",18.2
"216","France","2018",64.2
"217","Germany","2018",88.4
"218","Greece","2018",93.6
"219","Hungary","2018",180.5
"220","Iceland","2018",4.8
"221","Ireland","2018",45.9
"222","Italy","2018",244
"223","Latvia","2018",35.9
"224","Lithuania","2018",32.7
"225","Luxembourg","2018",33.6
"226","Malta","2018",153.4
"227","Netherlands","2018",57.4
"228","Norway","2018",2.9
"229","Poland","2018",168.3
"230","Portugal","2018",183.4
"231","Romania","2018",82.7
"232","Slovakia","2018",49.2
"233","Slovenia","2018",43.2
"234","Spain","2018",219
"235","Sweden","2018",12.1
"236","Austria","2019",42.6
"237","Belgium","2019",101.9
"238","Bulgaria","2019",112.7
"239","Croatia","2019",62.8
"240","Cyprus","2019",350
"241","Czechia","2019",53.8
"242","Denmark","2019",37.1
"243","EU","2019",95.6
"244","Estonia","2019",53.5
"245","Finland","2019",19.1
"246","France","2019",58.3
"247","Germany","2019",78.6
"248","Greece","2019",84.8
"249","Hungary","2019",184.8
"250","Ireland","2019",40.8
"251","Italy","2019",191.1
"252","Latvia","2019",28.2
"253","Lithuania","2019",65.6
"254","Luxembourg","2019",29
"255","Malta","2019",110.3
"256","Netherlands","2019",48.2
"257","Norway","2019",2.3
"258","Poland","2019",185.2
"259","Portugal","2019",143.8
"260","Romania","2019",53.9
"261","Slovakia","2019",42.3
"262","Slovenia","2019",44.9
"263","Spain","2019",126.7
"264","Sweden","2019",11.4
"265","Austria","2020",46.3
"266","Belgium","2020",103.4
"267","Bulgaria","2020",120.9
"268","Croatia","2020",68.6
"269","Cyprus","2020",344.2
"270","Czechia","2020",56.2
"271","Denmark","2020",37.2
"272","EU","2020",101.5
"273","Estonia","2020",49.2
"274","Finland","2020",16.2
"275","France","2020",56.6
"276","Germany","2020",83.8
"277","Greece","2020",96.4
"278","Hungary","2020",163.4
"279","Iceland","2020",3.8
"280","Ireland","2020",47
"281","Italy","2020",181.8
"282","Latvia","2020",29.6
"283","Lithuania","2020",60.2
"284","Luxembourg","2020",29
"285","Malta","2020",116.1
"286","Netherlands","2020",50.2
"287","Norway","2020",2.3
"288","Poland","2020",187.9
"289","Portugal","2020",172.5
"290","Romania","2020",57.8
"291","Slovakia","2020",51.9
"292","Slovenia","2020",33.3
"293","Spain","2020",154.3
"294","Sweden","2020",12.2
"295","Austria","2021",41.3
"296","Belgium","2021",95.3
"297","Bulgaria","2021",124.5
"298","Croatia","2021",62.7
"299","Cyprus","2021",296.5
"300","Czechia","2021",50
"301","Denmark","2021",33.4
"302","EU","2021",96.9
"303","Estonia","2021",46.6
"304","Finland","2021",17
"305","France","2021",51.7
"306","Germany","2021",73.2
"307","Greece","2021",108.8
"308","Hungary","2021",155.6
"309","Ireland","2021",42.4
"310","Italy","2021",173.5
"311","Latvia","2021",25.5
"312","Lithuania","2021",71.2
"313","Luxembourg","2021",27.1
"314","Malta","2021",110.5
"315","Netherlands","2021",47.6
"316","Norway","2021",2.3
"317","Poland","2021",175.5
"318","Portugal","2021",149.9
"319","Romania","2021",59
"320","Slovakia","2021",41.7
"321","Slovenia","2021",31.8
"322","Spain","2021",157.2
"323","Sweden","2021",12.1
"324","Austria","2022",36.2
"325","Belgium","2022",73.5
"326","Bulgaria","2022",103.2
"327","Croatia","2022",56.2
"328","Cyprus","2022",254.7
"329","Czechia","2022",46.4
"330","Denmark","2022",34.1
"331","EU","2022",84.8
"332","Estonia","2022",45.8
"333","Finland","2022",14.9
"334","France","2022",38.9
"335","Germany","2022",69.9
"336","Greece","2022",89
"337","Hungary","2022",111.2
"338","Iceland","2022",4.4
"339","Ireland","2022",33.6
"340","Italy","2022",157.5
"341","Latvia","2022",20.8
"342","Lithuania","2022",48.2
"343","Luxembourg","2022",25.1
"344","Malta","2022",74.4
"345","Netherlands","2022",37
"346","Poland","2022",196
"347","Portugal","2022",77.1
"348","Romania","2022",48.8
"349","Slovakia","2022",41.1
"350","Slovenia","2022",25.7
"351","Spain","2022",127.4
"352","Sweden","2022",10.6
"353","Austria","2023",36
"354","Belgium","2023",61.8
"355","Bulgaria","2023",103.6
"356","Croatia","2023",45.4
"357","Cyprus","2023",186.6
"358","Czechia","2023",42.2
"359","Denmark","2023",31.9
"360","EU","2023",85.5
"361","Estonia","2023",42.5
"362","Finland","2023",16.1
"363","France","2023",39.5
"364","Germany","2023",71.1
"365","Greece","2023",56
"366","Hungary","2023",97.1
"367","Ireland","2023",33.4
"368","Italy","2023",140.3
"369","Latvia","2023",21.5
"370","Lithuania","2023",42.5
"371","Luxembourg","2023",24.7
"372","Malta","2023",80.2
"373","Netherlands","2023",39.4
"374","Poland","2023",150.9
"375","Portugal","2023",133.4
"376","Romania","2023",73
"377","Slovakia","2023",45
"378","Slovenia","2023",24.3
"379","Spain","2023",156.8
"380","Sweden","2023",11.2
"381","Austria","2024",38.2
"382","Belgium","2024",70.7
"383","Bulgaria","2024",108.6
"384","Croatia","2024",59.4
"385","Cyprus","2024",189.8
"386","Czechia","2024",42.7
"387","Denmark","2024",34.9
"388","EU","2024",89.6
"389","Estonia","2024",40.2
"390","Finland","2024",15.7
"391","France","2024",39.8
"392","Germany","2024",75.5
"393","Greece","2024",62.3
"394","Hungary","2024",106.4
"395","Ireland","2024",33.8
"396","Italy","2024",133
"397","Latvia","2024",27.5
"398","Lithuania","2024",53.9
"399","Luxembourg","2024",20.3
"400","Malta","2024",79.3
"401","Netherlands","2024",43.3
"402","Poland","2024",166.3
"403","Portugal","2024",105.8
"404","Romania","2024",81.7
"405","Slovakia","2024",52.7
"406","Slovenia","2024",25.1
"407","Spain","2024",166.9
"408","Sweden","2024",11.3
